id,user,market,reserveSymbol,assetId,hashOpened,hashClosed,balance,principal,isCollateral,isIsolated,side,type,collateralBalanceETH
0x000000000000000000000000000000000000dead-0x191c10aa4af7c30e871e70c95db0e4eb77237530-COLLATERAL-0,0x000000000000000000000000000000000000dead,0x191c10aa4af7c30e871e70c95db0e4eb77237530,aPolLINK,0x191c10aa4af7c30e871e70c95db0e4eb77237530,0x06313259dc174c7103f0a5fa48c5b983db59d9b945dab18b51520133fc6baeb6,,6.749959722196244e+17,6.735968341199233e+17,,,COLLATERAL,,0.0
0x000000000000000000000000000000000000dead-0x6d80113e533a2c0fe82eabd35f1875dcea89ea97-COLLATERAL-0,0x000000000000000000000000000000000000dead,0x6d80113e533a2c0fe82eabd35f1875dcea89ea97,aPolWMATIC,0x6d80113e533a2c0fe82eabd35f1875dcea89ea97,0xbda6dc727f0c1140fadb05083afeac9a72cf01d35b13219ba5e472dc80156f4a,,7833871354101.0,7537374561459.0,,,COLLATERAL,,0.0
0x000000000000000000000000000000000000dead-0x82e64f49ed5ec1bc6e43dad4fc8af9bb3a2312ee-COLLATERAL-0,0x000000000000000000000000000000000000dead,0x82e64f49ed5ec1bc6e43dad4fc8af9bb3a2312ee,aPolDAI,0x82e64f49ed5ec1bc6e43dad4fc8af9bb3a2312ee,0x70a1582d55823cb5108f347e256e77d13ed68e614c713c67fab6be95bafb4de4,,1.1000005997104572e+18,9.947629654438546e+17,,,COLLATERAL,,0.0
0x000000000000000000000000000000000000dead-0xe50fa9b3c56ffb159cb0fca61f5c9d750e8128c8-COLLATERAL-0,0x000000000000000000000000000000000000dead,0xe50fa9b3c56ffb159cb0fca61f5c9d750e8128c8,aPolWETH,0xe50fa9b3c56ffb159cb0fca61f5c9d750e8128c8,0x4cbfc5b3c6310702c71a48fc80f7b7ed45885842a498b938f8685e9ea33933bc,,10000067342755.0,9962699225721.0,,,COLLATERAL,,0.0
0x000000000000000000000000000000000000dead-0xf329e36c7bf6e5e86ce2150875a84ce77f477375-COLLATERAL-0,0x000000000000000000000000000000000000dead,0xf329e36c7bf6e5e86ce2150875a84ce77f477375,aPolAAVE,0xf329e36c7bf6e5e86ce2150875a84ce77f477375,0x7ffb2d5f56698a9ca2d4da013c7abaf0ec7bdf5cd664780f0750a1a493f3aad8,,29340448.0,29332043.0,,,COLLATERAL,,0.0
0x000000000000e88fe64e2b65189820d88186c888-0x6ab707aca953edaefbc4fd23ba73294241490620-COLLATERAL-0,0x000000000000e88fe64e2b65189820d88186c888,0x6ab707aca953edaefbc4fd23ba73294241490620,USDT,0xc2132d05d31c914a87c6611c10748aeb04b58e8f,0xdcba71a909a2249dcab76a59a2f9b012dad5dae76e13b2bb0da802dc18823813,,99999200000.0,89787131788.0,True,,COLLATERAL,,0.0
0x000000000000e88fe64e2b65189820d88186c888-0xa4d94019934d8333ef880abffbf2fdd611c762bd-COLLATERAL-0,0x000000000000e88fe64e2b65189820d88186c888,0xa4d94019934d8333ef880abffbf2fdd611c762bd,USDC,0x3c499c542cef5e3811e1192ce70d8cc03d5c3359,0x125479884a83f0951504b617b14161517b1f67f128b8a5df3e80ab52462b8955,,327656435022.0,305716603859.0,True,True,COLLATERAL,,0.0
0x00000000000ba9cd9f5175108141a82b6c24d727-0xa4d94019934d8333ef880abffbf2fdd611c762bd-COLLATERAL-8,0x00000000000ba9cd9f5175108141a82b6c24d727,0xa4d94019934d8333ef880abffbf2fdd611c762bd,aPolUSDCn,0xa4d94019934d8333ef880abffbf2fdd611c762bd,0x4431a870f293300a922f4043b1370d45ebb55c6daa0ddca13039f7b0e4ab4349,,2.0,2.0,,,COLLATERAL,,0.0
0x00000000000ba9cd9f5175108141a82b6c24d727-0xe50fa9b3c56ffb159cb0fca61f5c9d750e8128c8-COLLATERAL-0,0x00000000000ba9cd9f5175108141a82b6c24d727,0xe50fa9b3c56ffb159cb0fca61f5c9d750e8128c8,aPolWETH,0xe50fa9b3c56ffb159cb0fca61f5c9d750e8128c8,0xbb70965a556cd6b2cdd1531f56a35c3fc23130748145aac6c3fc2ae883fa5d81,,33966251574520.0,33502829324055.0,,,COLLATERAL,,0.0
0x00000000009726632680fb29d3f7a9734e3010e2-0x078f358208685046a11c85e8ad32895ded33a249-COLLATERAL-0,0x00000000009726632680fb29d3f7a9734e3010e2,0x078f358208685046a11c85e8ad32895ded33a249,aPolWBTC,0x078f358208685046a11c85e8ad32895ded33a249,0xc2240f8f50bf36e5f754d96062a66d7adb0cfe50f21a9f54663dbb7d919fac1b,,1.0,1.0,,,COLLATERAL,,0.0
0x00000000009726632680fb29d3f7a9734e3010e2-0x625e7708f30ca75bfd92586e17077590c60eb4cd-COLLATERAL-1,0x00000000009726632680fb29d3f7a9734e3010e2,0x625e7708f30ca75bfd92586e17077590c60eb4cd,aPolUSDC,0x625e7708f30ca75bfd92586e17077590c60eb4cd,0x1d3df44eda24f4a553ccbfa4be29a697c168da1105b67618973325cbcb118cde,,1.0,1.0,,,COLLATERAL,,0.0
0x00000000009726632680fb29d3f7a9734e3010e2-0xe50fa9b3c56ffb159cb0fca61f5c9d750e8128c8-COLLATERAL-1,0x00000000009726632680fb29d3f7a9734e3010e2,0xe50fa9b3c56ffb159cb0fca61f5c9d750e8128c8,aPolWETH,0xe50fa9b3c56ffb159cb0fca61f5c9d750e8128c8,0xda9902a2555c7c6498625ca1efc075e4ba5f83a54bced64ba05de944989177dd,,792061011.0,778469143.0,,,COLLATERAL,,0.0
0x0000000000fae4b35bc1de50154f2ddd21848d94-0x38d693ce1df5aadf7bc62595a37d667ad57922e5-COLLATERAL-0,0x0000000000fae4b35bc1de50154f2ddd21848d94,0x38d693ce1df5aadf7bc62595a37d667ad57922e5,EURS,0xe111178a87a3bff0c8d18decba5798827539ae99,0xc44f72af609efe2fd8dbb4b3f1480cb5e41c3bdeb5cd5907a6e73efbb98aed02,,160399.0,142269.0,,True,COLLATERAL,,0.0
0x000000000bb6a011db294ce3f3423f00eac4959e-0xa4d94019934d8333ef880abffbf2fdd611c762bd-COLLATERAL-0,0x000000000bb6a011db294ce3f3423f00eac4959e,0xa4d94019934d8333ef880abffbf2fdd611c762bd,USDC,0x3c499c542cef5e3811e1192ce70d8cc03d5c3359,0x227c94c7654c3108cf1914f469ae875eede9aca66c8958d5e3aa2e7af7024859,,2584513911.0,2341691542.0,True,,COLLATERAL,,0.0
0x000000004ea8d1a2a97153d5453ae3f2241ad8fa-0x6d80113e533a2c0fe82eabd35f1875dcea89ea97-COLLATERAL-0,0x000000004ea8d1a2a97153d5453ae3f2241ad8fa,0x6d80113e533a2c0fe82eabd35f1875dcea89ea97,WPOL,0x0d500b1d8e8ef31e21c99d1db9a6444d3adf1270,0xc6a6e89175092da71fde9fa3c9e8bb999512fbe329003b11fe15b7e642f6734b,,1e+16,9874255394744828.0,True,,COLLATERAL,,0.0
0x000000005b917cc906c88bacedb8bee3acb26739-0x625e7708f30ca75bfd92586e17077590c60eb4cd-BORROWER-VARIABLE-0,0x000000005b917cc906c88bacedb8bee3acb26739,0x625e7708f30ca75bfd92586e17077590c60eb4cd,USDC,0x2791bca1f2de4661ed88a30c99a7a9449aa84174,0x4c665c5e3544392a4996f1f76dfea879f69fa2a3eed91c083455a511f586c14f,,1.0,1.0,,,BORROWER,VARIABLE,0.0
0x00000000fdac7708d0d360bddc1bc7d097f47439-0x078f358208685046a11c85e8ad32895ded33a249-COLLATERAL-0,0x00000000fdac7708d0d360bddc1bc7d097f47439,0x078f358208685046a11c85e8ad32895ded33a249,WBTC,0x1bfd67037b42cf73acf2047067bd4f2c47d9bfd6,0x07d3fa4741bc6dec67588fa03312d5b4aaa30cccce73593aa01f9a5347e3f5f2,,1.0,1.0,True,,COLLATERAL,,0.0
0x00000000fdac7708d0d360bddc1bc7d097f47439-0x6d80113e533a2c0fe82eabd35f1875dcea89ea97-COLLATERAL-0,0x00000000fdac7708d0d360bddc1bc7d097f47439,0x6d80113e533a2c0fe82eabd35f1875dcea89ea97,WPOL,0x0d500b1d8e8ef31e21c99d1db9a6444d3adf1270,0xad09213ea81d4e010a2daa5a5e7f22c1871d4e14dbbbddfa5c48f4c653c9815d,,1.0,1.0,True,,COLLATERAL,,0.0
0x00000000fdac7708d0d360bddc1bc7d097f47439-0x82e64f49ed5ec1bc6e43dad4fc8af9bb3a2312ee-COLLATERAL-0,0x00000000fdac7708d0d360bddc1bc7d097f47439,0x82e64f49ed5ec1bc6e43dad4fc8af9bb3a2312ee,DAI,0x8f3cf7ad23cd3cadbd9735aff958023239c6a063,0x1c13f34167238106582fcc12e31ced725a9dcdfb9ba95f08fac081589a4ded2d,,1.0,1.0,True,,COLLATERAL,,0.0
0x00000000fdac7708d0d360bddc1bc7d097f47439-0xe50fa9b3c56ffb159cb0fca61f5c9d750e8128c8-COLLATERAL-0,0x00000000fdac7708d0d360bddc1bc7d097f47439,0xe50fa9b3c56ffb159cb0fca61f5c9d750e8128c8,WETH,0x7ceb23fd6bc0add59e62ac25578270cff1b9f619,0x2a536fa1ec670ee5e460b086e753b5de147f47af55826ecfaac08086a984b0f0,,1.0,1.0,True,,COLLATERAL,,0.0
0x00000000fdac7708d0d360bddc1bc7d097f47439-0xf329e36c7bf6e5e86ce2150875a84ce77f477375-COLLATERAL-0,0x00000000fdac7708d0d360bddc1bc7d097f47439,0xf329e36c7bf6e5e86ce2150875a84ce77f477375,AAVE,0xd6df932a45c0f255f85145f286ea0b292b21c90b,0x93288fd26643238cb3776eee7259837b2b282f2e6dd7cc731b824cdb120f3a06,,1.0,1.0,True,,COLLATERAL,,0.0
0x00000001b01122945d67cf7c972f1a2063ca4008-0x6ab707aca953edaefbc4fd23ba73294241490620-COLLATERAL-0,0x00000001b01122945d67cf7c972f1a2063ca4008,0x6ab707aca953edaefbc4fd23ba73294241490620,USDT,0xc2132d05d31c914a87c6611c10748aeb04b58e8f,0x21dea61bd545a9574a98224b9e555849a1f5e194c121e488c0263204a94e8380,,10000.0,9778.0,,True,COLLATERAL,,0.0
0x00000001b01122945d67cf7c972f1a2063ca4008-0x82e64f49ed5ec1bc6e43dad4fc8af9bb3a2312ee-BORROWER-VARIABLE-1,0x00000001b01122945d67cf7c972f1a2063ca4008,0x82e64f49ed5ec1bc6e43dad4fc8af9bb3a2312ee,DAI,0x8f3cf7ad23cd3cadbd9735aff958023239c6a063,0x885f87a1793707d4b6262f3f9595aa6af13aeb18ecaffea1b4c0a9d1644a0615,,5007320370920180.0,4912640436031627.0,,,BORROWER,VARIABLE,0.0
0x0000000251b41c5e39b5f54af878950438186808-0x625e7708f30ca75bfd92586e17077590c60eb4cd-COLLATERAL-0,0x0000000251b41c5e39b5f54af878950438186808,0x625e7708f30ca75bfd92586e17077590c60eb4cd,USDC,0x2791bca1f2de4661ed88a30c99a7a9449aa84174,0x89cb7b96540f924154f5ee17d28546a259b0bc08ad18114ef2382084eb3a23e5,,10000.0,9896.0,True,,COLLATERAL,,0.0
0x0000000251b41c5e39b5f54af878950438186808-0x6d80113e533a2c0fe82eabd35f1875dcea89ea97-COLLATERAL-0,0x0000000251b41c5e39b5f54af878950438186808,0x6d80113e533a2c0fe82eabd35f1875dcea89ea97,WPOL,0x0d500b1d8e8ef31e21c99d1db9a6444d3adf1270,0xe7ed7058ed6249dadc3175836f4b1aacf0fef6cc61b4edcea8da237cedebe735,,1e+16,9826419777403988.0,True,,COLLATERAL,,0.0
0x0000000251b41c5e39b5f54af878950438186808-0x82e64f49ed5ec1bc6e43dad4fc8af9bb3a2312ee-BORROWER-VARIABLE-0,0x0000000251b41c5e39b5f54af878950438186808,0x82e64f49ed5ec1bc6e43dad4fc8af9bb3a2312ee,DAI,0x8f3cf7ad23cd3cadbd9735aff958023239c6a063,0x0b048b69d87a8d5d42cbbaa34fbd11808f92fa314a0e2f7c421b7545c000c999,,1.1225708141670616e+16,1.1000071578361876e+16,,,BORROWER,VARIABLE,0.0
0x0000000251b41c5e39b5f54af878950438186808-0x8eb270e296023e9d92081fdf967ddd7878724424-BORROWER-VARIABLE-0,0x0000000251b41c5e39b5f54af878950438186808,0x8eb270e296023e9d92081fdf967ddd7878724424,GHST,0x385eeac5cb85a38a9a07a70c73e0a3271cfb54a7,0xc83b9c524ab65d9144084bbea2ca2c3dfe0464a7bdc4af7bf49d695b602d57b1,,8353194178045791.0,8067375407378836.0,,,BORROWER,VARIABLE,0.0
0x0000000251b41c5e39b5f54af878950438186808-0x8eb270e296023e9d92081fdf967ddd7878724424-COLLATERAL-0,0x0000000251b41c5e39b5f54af878950438186808,0x8eb270e296023e9d92081fdf967ddd7878724424,GHST,0x385eeac5cb85a38a9a07a70c73e0a3271cfb54a7,0x83d4711afbd9f8839ca577b13b18c4da16c6887e79f9f235d0c49b0dc61498ae,,8353194178045791.0,8266448501302563.0,True,,COLLATERAL,,0.0
0x0000000251b41c5e39b5f54af878950438186808-0xe50fa9b3c56ffb159cb0fca61f5c9d750e8128c8-COLLATERAL-0,0x0000000251b41c5e39b5f54af878950438186808,0xe50fa9b3c56ffb159cb0fca61f5c9d750e8128c8,WETH,0x7ceb23fd6bc0add59e62ac25578270cff1b9f619,0xf7af42411bba1938bf789da51714ff2ecca57b7656167c9abf86d6e1e23ea725,,6602363090439.0,6577674930841.0,True,,COLLATERAL,,0.0
0x00000002b7d3b2da5ce175347e2a7d265d740926-0x6d80113e533a2c0fe82eabd35f1875dcea89ea97-COLLATERAL-0,0x00000002b7d3b2da5ce175347e2a7d265d740926,0x6d80113e533a2c0fe82eabd35f1875dcea89ea97,WPOL,0x0d500b1d8e8ef31e21c99d1db9a6444d3adf1270,0xff13512815a16526e78ed6330663bbdfe0780447011ecbf936fe80ff5267b20f,,2.0000000230646428e+16,1.9493613805320548e+16,True,,COLLATERAL,,0.0
0x00000002b7d3b2da5ce175347e2a7d265d740926-0x8eb270e296023e9d92081fdf967ddd7878724424-BORROWER-VARIABLE-0,0x00000002b7d3b2da5ce175347e2a7d265d740926,0x8eb270e296023e9d92081fdf967ddd7878724424,GHST,0x385eeac5cb85a38a9a07a70c73e0a3271cfb54a7,0x17b8f2c4ef4c01b94b0186acfc0a738ce8545afaa44d1c86f9f84c3f0e2809b8,,1e+16,9688827621369822.0,,,BORROWER,VARIABLE,0.0
0x00000002b7d3b2da5ce175347e2a7d265d740926-0xf329e36c7bf6e5e86ce2150875a84ce77f477375-COLLATERAL-0,0x00000002b7d3b2da5ce175347e2a7d265d740926,0xf329e36c7bf6e5e86ce2150875a84ce77f477375,AAVE,0xd6df932a45c0f255f85145f286ea0b292b21c90b,0x3db22ccd9d58305427d26206d905b5d51f98f650028e98aa615ac55b18644bd2,,1000000000000000.0,999751304118184.0,True,,COLLATERAL,,0.0
0x00000002d88f9b3f4eb303564817fff4adcde46f-0x6d80113e533a2c0fe82eabd35f1875dcea89ea97-COLLATERAL-0,0x00000002d88f9b3f4eb303564817fff4adcde46f,0x6d80113e533a2c0fe82eabd35f1875dcea89ea97,WPOL,0x0d500b1d8e8ef31e21c99d1db9a6444d3adf1270,0xeba54f57f43f558d5df30b0cc5578baf4165bd3daa34900ea31bc9013ba4d2ba,,2e+18,1.911951426313214e+18,True,,COLLATERAL,,0.0
0x000000093e55f433fb57a32aa5d5fe717b3f7ab1-0x078f358208685046a11c85e8ad32895ded33a249-COLLATERAL-1,0x000000093e55f433fb57a32aa5d5fe717b3f7ab1,0x078f358208685046a11c85e8ad32895ded33a249,aPolWBTC,0x078f358208685046a11c85e8ad32895ded33a249,0xb91906afdb79024a8c55e1093426e79341d714ecd02066d30072032293928f00,,1.0,1.0,,,COLLATERAL,,0.0
0x000000093e55f433fb57a32aa5d5fe717b3f7ab1-0x625e7708f30ca75bfd92586e17077590c60eb4cd-COLLATERAL-0,0x000000093e55f433fb57a32aa5d5fe717b3f7ab1,0x625e7708f30ca75bfd92586e17077590c60eb4cd,aPolUSDC,0x625e7708f30ca75bfd92586e17077590c60eb4cd,0x127722d2013042d681d81a75c69329b0a8ac203f7dc5059b15b4c8c743d5c78e,,196.0,187.0,,,COLLATERAL,,0.0
0x000000093e55f433fb57a32aa5d5fe717b3f7ab1-0x6ab707aca953edaefbc4fd23ba73294241490620-COLLATERAL-0,0x000000093e55f433fb57a32aa5d5fe717b3f7ab1,0x6ab707aca953edaefbc4fd23ba73294241490620,aPolUSDT,0x6ab707aca953edaefbc4fd23ba73294241490620,0x7ee54b4b7095e5aa309d5bd6019db6fa94bbc88594068da82cc2978be7108f3a,,119.0,112.0,,,COLLATERAL,,0.0
0x000000093e55f433fb57a32aa5d5fe717b3f7ab1-0xe50fa9b3c56ffb159cb0fca61f5c9d750e8128c8-COLLATERAL-1,0x000000093e55f433fb57a32aa5d5fe717b3f7ab1,0xe50fa9b3c56ffb159cb0fca61f5c9d750e8128c8,aPolWETH,0xe50fa9b3c56ffb159cb0fca61f5c9d750e8128c8,0x0984b222e367c7f9c717b6cba4bb70fa0ab02cf533edf48188f5ad81eecc5168,,727206722045188.0,720808381955300.0,,,COLLATERAL,,0.0
0x00000009d94baf057697d988d2e3eec2fce81162-0x625e7708f30ca75bfd92586e17077590c60eb4cd-BORROWER-VARIABLE-0,0x00000009d94baf057697d988d2e3eec2fce81162,0x625e7708f30ca75bfd92586e17077590c60eb4cd,USDC,0x2791bca1f2de4661ed88a30c99a7a9449aa84174,0x57f05fa1e5d4c4cf0f838285b0b22b4036d70d4c8ced249b15d8af7b91b1387c,,2001.0,1970.0,,,BORROWER,VARIABLE,0.0
0x00000009d94baf057697d988d2e3eec2fce81162-0x6ab707aca953edaefbc4fd23ba73294241490620-COLLATERAL-0,0x00000009d94baf057697d988d2e3eec2fce81162,0x6ab707aca953edaefbc4fd23ba73294241490620,USDT,0xc2132d05d31c914a87c6611c10748aeb04b58e8f,0xf162cf32ed006ceb4c0038b31ef61cc6417b0435979cea27a5dd4931f2212307,,10000.0,9778.0,,True,COLLATERAL,,0.0
0x00000009d94baf057697d988d2e3eec2fce81162-0x6d80113e533a2c0fe82eabd35f1875dcea89ea97-COLLATERAL-0,0x00000009d94baf057697d988d2e3eec2fce81162,0x6d80113e533a2c0fe82eabd35f1875dcea89ea97,WPOL,0x0d500b1d8e8ef31e21c99d1db9a6444d3adf1270,0xacbd946806c2f74d26dcafa8e17d42ecddf4659b3275273f1ae8fc76385384c1,,9807065520601.0,9454331791844.0,True,,COLLATERAL,,0.0
0x00000009d94baf057697d988d2e3eec2fce81162-0x82e64f49ed5ec1bc6e43dad4fc8af9bb3a2312ee-BORROWER-VARIABLE-0,0x00000009d94baf057697d988d2e3eec2fce81162,0x82e64f49ed5ec1bc6e43dad4fc8af9bb3a2312ee,DAI,0x8f3cf7ad23cd3cadbd9735aff958023239c6a063,0xc578ff9a18c514ca194ab30b1f26c3f9b58aef700e14d3c3b3f9136cc71cbcdd,,5107827204859672.0,5011244784703027.0,,,BORROWER,VARIABLE,0.0
0x00000009d94baf057697d988d2e3eec2fce81162-0x8eb270e296023e9d92081fdf967ddd7878724424-BORROWER-VARIABLE-0,0x00000009d94baf057697d988d2e3eec2fce81162,0x8eb270e296023e9d92081fdf967ddd7878724424,GHST,0x385eeac5cb85a38a9a07a70c73e0a3271cfb54a7,0xaf9fa17493085cac3531bf9614081e0d55e2b5ba2b563b6f3efb04a8ff046ecf,,1000000000000000.0,969357394610247.0,,,BORROWER,VARIABLE,0.0
0x00000009d94baf057697d988d2e3eec2fce81162-0xe50fa9b3c56ffb159cb0fca61f5c9d750e8128c8-COLLATERAL-0,0x00000009d94baf057697d988d2e3eec2fce81162,0xe50fa9b3c56ffb159cb0fca61f5c9d750e8128c8,WETH,0x7ceb23fd6bc0add59e62ac25578270cff1b9f619,0xbbfb4221e4222476f392fe7c62a4e1e01cb6cb500263996550037b4454b8181f,,735896455075.0,728189742366.0,True,,COLLATERAL,,0.0
0x00000009d94baf057697d988d2e3eec2fce81162-0xf329e36c7bf6e5e86ce2150875a84ce77f477375-COLLATERAL-0,0x00000009d94baf057697d988d2e3eec2fce81162,0xf329e36c7bf6e5e86ce2150875a84ce77f477375,AAVE,0xd6df932a45c0f255f85145f286ea0b292b21c90b,0x828d5e0c108b1309a37f6895bc9b18ac6097071528916a67d80ac7eb71beff89,,118663246524630.0,118641440780543.0,True,,COLLATERAL,,0.0
0x0000000a44c0e769e79783581bc3d57af85ae175-0x078f358208685046a11c85e8ad32895ded33a249-COLLATERAL-0,0x0000000a44c0e769e79783581bc3d57af85ae175,0x078f358208685046a11c85e8ad32895ded33a249,WBTC,0x1bfd67037b42cf73acf2047067bd4f2c47d9bfd6,0x9c2bd999b5bf27fa7b56b8e2dc9ab165540e77f9df5df03633f73719f37493aa,,1.0,1.0,True,,COLLATERAL,,0.0
0x0000000a44c0e769e79783581bc3d57af85ae175-0x625e7708f30ca75bfd92586e17077590c60eb4cd-COLLATERAL-0,0x0000000a44c0e769e79783581bc3d57af85ae175,0x625e7708f30ca75bfd92586e17077590c60eb4cd,aPolUSDC,0x625e7708f30ca75bfd92586e17077590c60eb4cd,0xa38f2ef04a5841677d6116810a831cbfc302a67ef346b7b7f860f53c771823ef,,8.0,8.0,,,COLLATERAL,,0.0
0x0000000a44c0e769e79783581bc3d57af85ae175-0x6ab707aca953edaefbc4fd23ba73294241490620-COLLATERAL-0,0x0000000a44c0e769e79783581bc3d57af85ae175,0x6ab707aca953edaefbc4fd23ba73294241490620,aPolUSDT,0x6ab707aca953edaefbc4fd23ba73294241490620,0xc3cd0c25b4b628c65fd110ebb9f5dc3219a7b38ba84794f5104101ec1599eaf5,,81.0,78.0,,,COLLATERAL,,0.0
0x0000000a44c0e769e79783581bc3d57af85ae175-0xe50fa9b3c56ffb159cb0fca61f5c9d750e8128c8-COLLATERAL-0,0x0000000a44c0e769e79783581bc3d57af85ae175,0xe50fa9b3c56ffb159cb0fca61f5c9d750e8128c8,aPolWETH,0xe50fa9b3c56ffb159cb0fca61f5c9d750e8128c8,0x6c244b73ebfcd6cf2342dcae40fe7e8f8717704c5331c833ac7d1dda665d6e1a,,2520823050.0,2507493927.0,,,COLLATERAL,,0.0
0x0000000a5d2afc64886a80780bc5ca6ecc519181-0x625e7708f30ca75bfd92586e17077590c60eb4cd-BORROWER-VARIABLE-0,0x0000000a5d2afc64886a80780bc5ca6ecc519181,0x625e7708f30ca75bfd92586e17077590c60eb4cd,USDC,0x2791bca1f2de4661ed88a30c99a7a9449aa84174,0xaf7bf15dc9659423c4f78ac1e4d2afed77906a1317b3b3395139ccc761a0a5c4,,2002.0,1971.0,,,BORROWER,VARIABLE,0.0
0x0000000a5d2afc64886a80780bc5ca6ecc519181-0x6ab707aca953edaefbc4fd23ba73294241490620-COLLATERAL-0,0x0000000a5d2afc64886a80780bc5ca6ecc519181,0x6ab707aca953edaefbc4fd23ba73294241490620,USDT,0xc2132d05d31c914a87c6611c10748aeb04b58e8f,0x0165dc50dfd5757d5d079c1c6001833644c1d8240fb5a7545f5c2c0ff9b6c370,,10000.0,9778.0,,True,COLLATERAL,,0.0
0x0000000a5d2afc64886a80780bc5ca6ecc519181-0x6d80113e533a2c0fe82eabd35f1875dcea89ea97-COLLATERAL-0,0x0000000a5d2afc64886a80780bc5ca6ecc519181,0x6d80113e533a2c0fe82eabd35f1875dcea89ea97,WPOL,0x0d500b1d8e8ef31e21c99d1db9a6444d3adf1270,0xae4e7b9d521e6476be97a4063a7d339315cf6a636f8e8b0dbeed68598d08b766,,2456188416677720.0,2347630825524598.0,True,,COLLATERAL,,0.0
0x0000000a5d2afc64886a80780bc5ca6ecc519181-0x82e64f49ed5ec1bc6e43dad4fc8af9bb3a2312ee-BORROWER-VARIABLE-1,0x0000000a5d2afc64886a80780bc5ca6ecc519181,0x82e64f49ed5ec1bc6e43dad4fc8af9bb3a2312ee,DAI,0x8f3cf7ad23cd3cadbd9735aff958023239c6a063,0x3257664d052ca72df67a77d55c820811078b3a8309280278219e3033ea5e4f17,,5007281757131878.0,4912602349943541.0,,,BORROWER,VARIABLE,0.0
0x0000000a5d2afc64886a80780bc5ca6ecc519181-0x8eb270e296023e9d92081fdf967ddd7878724424-BORROWER-VARIABLE-0,0x0000000a5d2afc64886a80780bc5ca6ecc519181,0x8eb270e296023e9d92081fdf967ddd7878724424,GHST,0x385eeac5cb85a38a9a07a70c73e0a3271cfb54a7,0x425141f6949ca2401e2611bbf9b010cfe1d1a402b7f8dea14f054b6bd73042a5,,1000000000000000.0,969252359092966.0,,,BORROWER,VARIABLE,0.0
0x0000000dee37f15bca2ac0cf0744a74730143942-0x6d80113e533a2c0fe82eabd35f1875dcea89ea97-COLLATERAL-0,0x0000000dee37f15bca2ac0cf0744a74730143942,0x6d80113e533a2c0fe82eabd35f1875dcea89ea97,WPOL,0x0d500b1d8e8ef31e21c99d1db9a6444d3adf1270,0xb51ed01d1e2cee2587d486a328dc4e58aa952b3382ade409d46eb083f3fa5ca9,,1e+16,9746807677651488.0,True,,COLLATERAL,,0.0
0x0000000f3a9e446d0a6f976df5f0ed1b324dcd0e-0x625e7708f30ca75bfd92586e17077590c60eb4cd-BORROWER-VARIABLE-0,0x0000000f3a9e446d0a6f976df5f0ed1b324dcd0e,0x625e7708f30ca75bfd92586e17077590c60eb4cd,USDC,0x2791bca1f2de4661ed88a30c99a7a9449aa84174,0x2790a8ec759187c932ab1e5114ad971a0cf9214449611c1033311cbdf3af17ea,,2002.0,1971.0,,,BORROWER,VARIABLE,0.0
0x0000000f3a9e446d0a6f976df5f0ed1b324dcd0e-0x6ab707aca953edaefbc4fd23ba73294241490620-COLLATERAL-0,0x0000000f3a9e446d0a6f976df5f0ed1b324dcd0e,0x6ab707aca953edaefbc4fd23ba73294241490620,USDT,0xc2132d05d31c914a87c6611c10748aeb04b58e8f,0x509248fe383c15c8a3d94cfb1698563199c237fe0316e52c2068f015e9a62456,,10000.0,9778.0,,True,COLLATERAL,,0.0
0x0000000f3a9e446d0a6f976df5f0ed1b324dcd0e-0x6d80113e533a2c0fe82eabd35f1875dcea89ea97-COLLATERAL-0,0x0000000f3a9e446d0a6f976df5f0ed1b324dcd0e,0x6d80113e533a2c0fe82eabd35f1875dcea89ea97,WPOL,0x0d500b1d8e8ef31e21c99d1db9a6444d3adf1270,0xcb2ab400405cef2fd67c9a4d0b578eb85996736a65698901f10d4ac223234598,,1.1823231120993978e+17,1.1628616386309254e+17,True,,COLLATERAL,,0.0
0x0000000f3a9e446d0a6f976df5f0ed1b324dcd0e-0x82e64f49ed5ec1bc6e43dad4fc8af9bb3a2312ee-BORROWER-VARIABLE-1,0x0000000f3a9e446d0a6f976df5f0ed1b324dcd0e,0x82e64f49ed5ec1bc6e43dad4fc8af9bb3a2312ee,DAI,0x8f3cf7ad23cd3cadbd9735aff958023239c6a063,0x651d8ff92ad1e6325b2973d8155a9e479886d299e509b7501232a45c8d46516d,,5007279782601305.0,4912598708494952.0,,,BORROWER,VARIABLE,0.0
0x0000000f3a9e446d0a6f976df5f0ed1b324dcd0e-0x8eb270e296023e9d92081fdf967ddd7878724424-BORROWER-VARIABLE-0,0x0000000f3a9e446d0a6f976df5f0ed1b324dcd0e,0x8eb270e296023e9d92081fdf967ddd7878724424,GHST,0x385eeac5cb85a38a9a07a70c73e0a3271cfb54a7,0x9b55f097a7bdb3d3d1db5c67a4dfe32fbace5fa414005347d885651df650aa30,,1000000000000000.0,969249238247015.0,,,BORROWER,VARIABLE,0.0
0x0000000fac3c36158a6e9d42b99998d4f35bd64b-0x513c7e3a9c69ca3e22550ef58ac1c0088e918fff-COLLATERAL-0,0x0000000fac3c36158a6e9d42b99998d4f35bd64b,0x513c7e3a9c69ca3e22550ef58ac1c0088e918fff,aPolCRV,0x513c7e3a9c69ca3e22550ef58ac1c0088e918fff,0xe2960571ac80bd46259fe09c9c5a0699ffc7408b5946ade043c481d135de7ffd,,98655998940014.0,93550018815345.0,,,COLLATERAL,,0.0
0x0000000fac3c36158a6e9d42b99998d4f35bd64b-0x625e7708f30ca75bfd92586e17077590c60eb4cd-COLLATERAL-0,0x0000000fac3c36158a6e9d42b99998d4f35bd64b,0x625e7708f30ca75bfd92586e17077590c60eb4cd,aPolUSDC,0x625e7708f30ca75bfd92586e17077590c60eb4cd,0x398194e0a9f3926d72dcbffe9594697e48f0397796717e7434b9a2d174c912aa,,61.0,60.0,,,COLLATERAL,,0.0
0x0000000fac3c36158a6e9d42b99998d4f35bd64b-0x6ab707aca953edaefbc4fd23ba73294241490620-COLLATERAL-0,0x0000000fac3c36158a6e9d42b99998d4f35bd64b,0x6ab707aca953edaefbc4fd23ba73294241490620,aPolUSDT,0x6ab707aca953edaefbc4fd23ba73294241490620,0xa09afcdb4212100b4a1823a3354c13818366a27684c91edeafb024a0889ee3f9,,672.0,647.0,,,COLLATERAL,,0.0
0x0000000fac3c36158a6e9d42b99998d4f35bd64b-0x82e64f49ed5ec1bc6e43dad4fc8af9bb3a2312ee-COLLATERAL-0,0x0000000fac3c36158a6e9d42b99998d4f35bd64b,0x82e64f49ed5ec1bc6e43dad4fc8af9bb3a2312ee,aPolDAI,0x82e64f49ed5ec1bc6e43dad4fc8af9bb3a2312ee,0xce8f83bfe7f2a4fa73d57c32f01754b57bf67f519da10758056a80a3930aeeb4,,67276642894239.0,66042176763152.0,,,COLLATERAL,,0.0
0x0000000fac3c36158a6e9d42b99998d4f35bd64b-0xe50fa9b3c56ffb159cb0fca61f5c9d750e8128c8-COLLATERAL-0,0x0000000fac3c36158a6e9d42b99998d4f35bd64b,0xe50fa9b3c56ffb159cb0fca61f5c9d750e8128c8,aPolWETH,0xe50fa9b3c56ffb159cb0fca61f5c9d750e8128c8,0x649fd94cb3753924f14ee70c9c523090fae29cfa78ed11a396a8eac3ec687a08,,21217452499.0,21109161896.0,,,COLLATERAL,,0.0
0x0000000fb4156b43079e68802e8e042aea3f7ff2-0xa4d94019934d8333ef880abffbf2fdd611c762bd-COLLATERAL-0,0x0000000fb4156b43079e68802e8e042aea3f7ff2,0xa4d94019934d8333ef880abffbf2fdd611c762bd,USDC,0x3c499c542cef5e3811e1192ce70d8cc03d5c3359,0x8b4e73ca1ede2a41affb18569a9edf33577781ca8e54c15bbda089243be0f74b,,2485.0,2423.0,True,,COLLATERAL,,0.0
0x0000001221eff50d329c40b322b3dcf414f3263c-0x6d80113e533a2c0fe82eabd35f1875dcea89ea97-COLLATERAL-0,0x0000001221eff50d329c40b322b3dcf414f3263c,0x6d80113e533a2c0fe82eabd35f1875dcea89ea97,WPOL,0x0d500b1d8e8ef31e21c99d1db9a6444d3adf1270,0x6d6373664cb87c7c8dc33dd802f8cf2dc64e80e742a03a14c63034e185f5227b,,1000000000000000.0,974684339491122.0,True,,COLLATERAL,,0.0
0x00000013f68865caf4052ffe01b218c3b887222a-0x6d80113e533a2c0fe82eabd35f1875dcea89ea97-COLLATERAL-0,0x00000013f68865caf4052ffe01b218c3b887222a,0x6d80113e533a2c0fe82eabd35f1875dcea89ea97,WPOL,0x0d500b1d8e8ef31e21c99d1db9a6444d3adf1270,0x3d6c42a446a558dbae6c87156ac1801d5e4e2fb47920b1df4ecd1edfa065baaa,,1e+16,9746807760474978.0,True,,COLLATERAL,,0.0
0x000000159367ea628536ab70b62a54355e897ea8-0x6d80113e533a2c0fe82eabd35f1875dcea89ea97-COLLATERAL-0,0x000000159367ea628536ab70b62a54355e897ea8,0x6d80113e533a2c0fe82eabd35f1875dcea89ea97,WPOL,0x0d500b1d8e8ef31e21c99d1db9a6444d3adf1270,0xaf2ef3af59541d69463a749035216f12fa33707064eb1d658c09da860712f486,,1000000000000000.0,974684335940067.0,True,,COLLATERAL,,0.0
0x00000015e180b01c40b881e10774bc784bb6f4eb-0x078f358208685046a11c85e8ad32895ded33a249-COLLATERAL-0,0x00000015e180b01c40b881e10774bc784bb6f4eb,0x078f358208685046a11c85e8ad32895ded33a249,WBTC,0x1bfd67037b42cf73acf2047067bd4f2c47d9bfd6,0x4b9a6f9e564debd612ab90c0579e1186dedbb3dc56a65b4e796d50588dac391b,,5000.0,4995.0,True,,COLLATERAL,,0.0
0x00000015e180b01c40b881e10774bc784bb6f4eb-0x625e7708f30ca75bfd92586e17077590c60eb4cd-BORROWER-VARIABLE-0,0x00000015e180b01c40b881e10774bc784bb6f4eb,0x625e7708f30ca75bfd92586e17077590c60eb4cd,USDC,0x2791bca1f2de4661ed88a30c99a7a9449aa84174,0x3947c2800badf2121e09a9d2ffc033fd34b097a153d3d1a6ab95586e38ff58ef,,100000.0,98619.0,,,BORROWER,VARIABLE,0.0
0x00000015e180b01c40b881e10774bc784bb6f4eb-0x82e64f49ed5ec1bc6e43dad4fc8af9bb3a2312ee-BORROWER-VARIABLE-0,0x00000015e180b01c40b881e10774bc784bb6f4eb,0x82e64f49ed5ec1bc6e43dad4fc8af9bb3a2312ee,DAI,0x8f3cf7ad23cd3cadbd9735aff958023239c6a063,0x459a7afa13d710d22b5089008615e3e2c0089c70c04b1883506745fb08bc6ea1,,1e+17,9.844636015119773e+16,,,BORROWER,VARIABLE,0.0
0x00000015e180b01c40b881e10774bc784bb6f4eb-0x8eb270e296023e9d92081fdf967ddd7878724424-BORROWER-VARIABLE-0,0x00000015e180b01c40b881e10774bc784bb6f4eb,0x8eb270e296023e9d92081fdf967ddd7878724424,GHST,0x385eeac5cb85a38a9a07a70c73e0a3271cfb54a7,0x48015a2d863275f6a3ae0961e9a99dffc8937037a821cb33d48d17ebe25d7f99,,1e+16,9693541743917212.0,,,BORROWER,VARIABLE,0.0
0x00000015e180b01c40b881e10774bc784bb6f4eb-0xe50fa9b3c56ffb159cb0fca61f5c9d750e8128c8-COLLATERAL-0,0x00000015e180b01c40b881e10774bc784bb6f4eb,0xe50fa9b3c56ffb159cb0fca61f5c9d750e8128c8,WETH,0x7ceb23fd6bc0add59e62ac25578270cff1b9f619,0xb83c213ea26fc5d623af4d3c579c39745c6af3606eae63f8408c696ec502afe7,,100000000000000.0,99684104455053.0,True,,COLLATERAL,,0.0
0x00000015e180b01c40b881e10774bc784bb6f4eb-0xf329e36c7bf6e5e86ce2150875a84ce77f477375-COLLATERAL-0,0x00000015e180b01c40b881e10774bc784bb6f4eb,0xf329e36c7bf6e5e86ce2150875a84ce77f477375,AAVE,0xd6df932a45c0f255f85145f286ea0b292b21c90b,0xd1dc99a1b57981a265e5d4db468a46746220526a0d14e140feae2dee5d17212c,,2071045777874965.0,2070665195278433.0,True,,COLLATERAL,,0.0
0x0000002396544ac00ee0c1a4427f5c1134e79883-0x078f358208685046a11c85e8ad32895ded33a249-COLLATERAL-0,0x0000002396544ac00ee0c1a4427f5c1134e79883,0x078f358208685046a11c85e8ad32895ded33a249,WBTC,0x1bfd67037b42cf73acf2047067bd4f2c47d9bfd6,0x0bcec00ec491413b2ffecea3540554e03ac9aa68529fc56704868d5908210edf,,11.0,11.0,True,,COLLATERAL,,0.0
0x0000002396544ac00ee0c1a4427f5c1134e79883-0x8437d7c167dfb82ed4cb79cd44b7a32a1dd95c77-COLLATERAL-0,0x0000002396544ac00ee0c1a4427f5c1134e79883,0x8437d7c167dfb82ed4cb79cd44b7a32a1dd95c77,agEUR,0xe0b52e49357fd4daf2c15e02058dce6bc0057db4,0x1633f29ad537c78353745e5af2c428d905a59e6ec2c290ee3f751895af5f46d0,,1e+16,9861638380322060.0,,True,COLLATERAL,,0.0
0x00000032c8dbb9a0f28f6295ed4385679a4909c4-0x6d80113e533a2c0fe82eabd35f1875dcea89ea97-COLLATERAL-0,0x00000032c8dbb9a0f28f6295ed4385679a4909c4,0x6d80113e533a2c0fe82eabd35f1875dcea89ea97,WMATIC,0x0d500b1d8e8ef31e21c99d1db9a6444d3adf1270,0x984f140d7eec6bc4cc99ec75af4c00d1d51e127c9d2c1df9389001775917988a,,1000000000000000.0,974684338307437.0,True,,COLLATERAL,,0.0
0x0000003f25f9e4d1b71ab5bdf48d04e744d52267-0x6d80113e533a2c0fe82eabd35f1875dcea89ea97-COLLATERAL-0,0x0000003f25f9e4d1b71ab5bdf48d04e744d52267,0x6d80113e533a2c0fe82eabd35f1875dcea89ea97,WMATIC,0x0d500b1d8e8ef31e21c99d1db9a6444d3adf1270,0x7a11ba7128fe6f657ea653719526e870c74d2c9d65a63d2c1f32f9b2c4e62ee2,,1e+16,9766616045073586.0,True,,COLLATERAL,,0.0
0x00000040f3a8ae0da78813fc1d84186b7d019c9a-0x6d80113e533a2c0fe82eabd35f1875dcea89ea97-COLLATERAL-0,0x00000040f3a8ae0da78813fc1d84186b7d019c9a,0x6d80113e533a2c0fe82eabd35f1875dcea89ea97,WMATIC,0x0d500b1d8e8ef31e21c99d1db9a6444d3adf1270,0x09c3f6aca42a4395a3f2aab5ce359e2c608b06a8e48d51ff83abb903addb524e,,1e+16,9746807653987634.0,True,,COLLATERAL,,0.0
0x0000004b682e6acbfa1c1f3f1f5ffdb929008fc5-0x6d80113e533a2c0fe82eabd35f1875dcea89ea97-COLLATERAL-0,0x0000004b682e6acbfa1c1f3f1f5ffdb929008fc5,0x6d80113e533a2c0fe82eabd35f1875dcea89ea97,WMATIC,0x0d500b1d8e8ef31e21c99d1db9a6444d3adf1270,0xbbeba309cb79adf59bd8b8b2c07bc64c51bc4ea330134df1e10456ddfdfc9fbb,,1e+16,9746836613433264.0,True,,COLLATERAL,,0.0
0x000000580b7944fa457fbca7b4317fafcabf1fe3-0x6d80113e533a2c0fe82eabd35f1875dcea89ea97-COLLATERAL-0,0x000000580b7944fa457fbca7b4317fafcabf1fe3,0x6d80113e533a2c0fe82eabd35f1875dcea89ea97,WMATIC,0x0d500b1d8e8ef31e21c99d1db9a6444d3adf1270,0xe69822c86dbf346c1ccb87d58e8aa498af867bd8621e7dcd5e5327dbb1845540,,1e+16,9697356366160702.0,True,,COLLATERAL,,0.0
0x0000005fff7f8b1c50d8cd17f109efe384e9c61b-0x6d80113e533a2c0fe82eabd35f1875dcea89ea97-COLLATERAL-0,0x0000005fff7f8b1c50d8cd17f109efe384e9c61b,0x6d80113e533a2c0fe82eabd35f1875dcea89ea97,WMATIC,0x0d500b1d8e8ef31e21c99d1db9a6444d3adf1270,0x55d23058b0901a8a9af36b8ded380c26d53cdad19f8a093fb114f4db2276ac6a,,1e+16,9746807760474978.0,True,,COLLATERAL,,0.0
0x0000006094141cd5d88b13aa8845dc34e9b1c3a0-0x6d80113e533a2c0fe82eabd35f1875dcea89ea97-COLLATERAL-0,0x0000006094141cd5d88b13aa8845dc34e9b1c3a0,0x6d80113e533a2c0fe82eabd35f1875dcea89ea97,WMATIC,0x0d500b1d8e8ef31e21c99d1db9a6444d3adf1270,0x2e6496d51971bb337b74f19526f29d1d58e6833726e06af0423aa5851d08de33,,7649912873.0,7471232947.0,True,,COLLATERAL,,0.0
0x0000006d14ce3cf81449c3ba1f26108df0a4de8b-0x625e7708f30ca75bfd92586e17077590c60eb4cd-COLLATERAL-0,0x0000006d14ce3cf81449c3ba1f26108df0a4de8b,0x625e7708f30ca75bfd92586e17077590c60eb4cd,USDC,0x2791bca1f2de4661ed88a30c99a7a9449aa84174,0x6d5418953b53f015a524eaacb2316cc43f26f86071ca21970bef53115cbd1713,,100000.0,98947.0,True,,COLLATERAL,,0.0
0x0000006d14ce3cf81449c3ba1f26108df0a4de8b-0x6d80113e533a2c0fe82eabd35f1875dcea89ea97-COLLATERAL-2,0x0000006d14ce3cf81449c3ba1f26108df0a4de8b,0x6d80113e533a2c0fe82eabd35f1875dcea89ea97,WMATIC,0x0d500b1d8e8ef31e21c99d1db9a6444d3adf1270,0xfb71e62848c1afb1cc4d17d9faf93eb4d1b325240e91b4eeefcdf48653b3452d,,84494532082.0,81843000193.0,True,,COLLATERAL,,0.0
0x0000006d14ce3cf81449c3ba1f26108df0a4de8b-0x82e64f49ed5ec1bc6e43dad4fc8af9bb3a2312ee-BORROWER-VARIABLE-0,0x0000006d14ce3cf81449c3ba1f26108df0a4de8b,0x82e64f49ed5ec1bc6e43dad4fc8af9bb3a2312ee,DAI,0x8f3cf7ad23cd3cadbd9735aff958023239c6a063,0x16f1a3682b34f820e8bd8cb1f6a9deafdfaad7a4f493da5ad383162b3f0c1316,,251857580440469.0,247095335302604.0,,,BORROWER,VARIABLE,0.0
0x0000006d14ce3cf81449c3ba1f26108df0a4de8b-0x8437d7c167dfb82ed4cb79cd44b7a32a1dd95c77-BORROWER-VARIABLE-0,0x0000006d14ce3cf81449c3ba1f26108df0a4de8b,0x8437d7c167dfb82ed4cb79cd44b7a32a1dd95c77,agEUR,0xe0b52e49357fd4daf2c15e02058dce6bc0057db4,0xf67fafd2e1067cd6d4b0d1b235829872acedc09303d49c71da5f154b3ba5b820,,1387363127823.0,1371576354084.0,,,BORROWER,VARIABLE,0.0
0x0000006d14ce3cf81449c3ba1f26108df0a4de8b-0x8eb270e296023e9d92081fdf967ddd7878724424-BORROWER-VARIABLE-0,0x0000006d14ce3cf81449c3ba1f26108df0a4de8b,0x8eb270e296023e9d92081fdf967ddd7878724424,GHST,0x385eeac5cb85a38a9a07a70c73e0a3271cfb54a7,0xc0e6af98b63c5de29719bc154d6026ba1a0296bfae50d7416c0a6163de632910,,144554135911623.0,139961455277260.0,,,BORROWER,VARIABLE,0.0
0x0000006d14ce3cf81449c3ba1f26108df0a4de8b-0xe50fa9b3c56ffb159cb0fca61f5c9d750e8128c8-COLLATERAL-4,0x0000006d14ce3cf81449c3ba1f26108df0a4de8b,0xe50fa9b3c56ffb159cb0fca61f5c9d750e8128c8,WETH,0x7ceb23fd6bc0add59e62ac25578270cff1b9f619,0x7e9de1d87a0b9e2db5301d2d4261006c24ebe1f1e97cc9c166e2a13edfbe0516,,1169241983444.0,1165037168096.0,True,,COLLATERAL,,0.0
0x00000076993880cff9bb1a565040ec3c1360cf4d-0x6d80113e533a2c0fe82eabd35f1875dcea89ea97-COLLATERAL-0,0x00000076993880cff9bb1a565040ec3c1360cf4d,0x6d80113e533a2c0fe82eabd35f1875dcea89ea97,WMATIC,0x0d500b1d8e8ef31e21c99d1db9a6444d3adf1270,0xe2264f3ec18ef6d7e70f7161580358c62eee983a2ec6295a86750ae9987e2243,,1e+16,9746837051267356.0,True,,COLLATERAL,,0.0
0x000000877ae0d90edab782f5596bc54ac08d4044-0x6d80113e533a2c0fe82eabd35f1875dcea89ea97-COLLATERAL-0,0x000000877ae0d90edab782f5596bc54ac08d4044,0x6d80113e533a2c0fe82eabd35f1875dcea89ea97,WMATIC,0x0d500b1d8e8ef31e21c99d1db9a6444d3adf1270,0x011b64c50459f3e589c91dbf3d6247cd5c07334bd165efc21d8a6d6eb684ad54,,20000000165690.0,19666703584547.0,True,,COLLATERAL,,0.0
0x0000008a1cf776e9d33e25333e732847d1ea685c-0x6d80113e533a2c0fe82eabd35f1875dcea89ea97-COLLATERAL-0,0x0000008a1cf776e9d33e25333e732847d1ea685c,0x6d80113e533a2c0fe82eabd35f1875dcea89ea97,WMATIC,0x0d500b1d8e8ef31e21c99d1db9a6444d3adf1270,0x345f3bad6854e52fe850e98e80715bf5b813a42dd4dcb144ebf5d4d3e2b10b70,,1e+16,9746845691260200.0,True,,COLLATERAL,,0.0
0x00000098090a71c1c21f26655db3b06c8c730856-0x6d80113e533a2c0fe82eabd35f1875dcea89ea97-COLLATERAL-0,0x00000098090a71c1c21f26655db3b06c8c730856,0x6d80113e533a2c0fe82eabd35f1875dcea89ea97,WMATIC,0x0d500b1d8e8ef31e21c99d1db9a6444d3adf1270,0x317a7b3b2ea1a608e4504c7cc058f2397b3083e84cf9d92cc3c0b8d73bdfd1c3,,1e+16,9746836767266866.0,True,,COLLATERAL,,0.0
0x000000a8faeecce8d814879068575dba0a473926-0x6d80113e533a2c0fe82eabd35f1875dcea89ea97-COLLATERAL-0,0x000000a8faeecce8d814879068575dba0a473926,0x6d80113e533a2c0fe82eabd35f1875dcea89ea97,WMATIC,0x0d500b1d8e8ef31e21c99d1db9a6444d3adf1270,0x6aa51bd9228ed40e8cd7181e8da87676e3d7d11ce878541763a54d6eaac7324d,,8e+19,7.705726130710223e+19,True,,COLLATERAL,,0.0
0x000000ad0ebb8b15b85498fd3a31bb838a800f8c-0xe50fa9b3c56ffb159cb0fca61f5c9d750e8128c8-COLLATERAL-0,0x000000ad0ebb8b15b85498fd3a31bb838a800f8c,0xe50fa9b3c56ffb159cb0fca61f5c9d750e8128c8,WETH,0x7ceb23fd6bc0add59e62ac25578270cff1b9f619,0xe1c3d8558bd5f025d79dcaac3c7801aea827ae18fae5253c85fa079f9048e48e,,891575618821.0,887100803228.0,True,,COLLATERAL,,0.0
0x000000af82a53077d45e1a0d900e1822a6198e61-0x6d80113e533a2c0fe82eabd35f1875dcea89ea97-COLLATERAL-0,0x000000af82a53077d45e1a0d900e1822a6198e61,0x6d80113e533a2c0fe82eabd35f1875dcea89ea97,WMATIC,0x0d500b1d8e8ef31e21c99d1db9a6444d3adf1270,0xf160747189da9989e330daf3dfcbbcfff549f0be35e07aaa4eb92f5885f832c3,,1e+16,9746807618491852.0,True,,COLLATERAL,,0.0
0x000000b2695002b00a7b8016f03c91284a22ec05-0xa4d94019934d8333ef880abffbf2fdd611c762bd-COLLATERAL-0,0x000000b2695002b00a7b8016f03c91284a22ec05,0xa4d94019934d8333ef880abffbf2fdd611c762bd,USDC,0x3c499c542cef5e3811e1192ce70d8cc03d5c3359,0x0ad46295da14cc3eecae4f7fd47ddf2964deb510c447404927a9158b9ae28a43,,2.0,2.0,True,,COLLATERAL,,0.0
0x000000b49a7e002c8b0771be8c57a81b270e0b36-0x6d80113e533a2c0fe82eabd35f1875dcea89ea97-COLLATERAL-0,0x000000b49a7e002c8b0771be8c57a81b270e0b36,0x6d80113e533a2c0fe82eabd35f1875dcea89ea97,WMATIC,0x0d500b1d8e8ef31e21c99d1db9a6444d3adf1270,0xf63ae79e76c91689420c84bcf96b8533d824e6673566d5c093f40d7ed3e888a7,,1000000000000000.0,974684440104356.0,True,,COLLATERAL,,0.0
0x000000c0ef6dbff0e689d393edbb93702eeef0d8-0x513c7e3a9c69ca3e22550ef58ac1c0088e918fff-COLLATERAL-0,0x000000c0ef6dbff0e689d393edbb93702eeef0d8,0x513c7e3a9c69ca3e22550ef58ac1c0088e918fff,aPolCRV,0x513c7e3a9c69ca3e22550ef58ac1c0088e918fff,0x93288fd26643238cb3776eee7259837b2b282f2e6dd7cc731b824cdb120f3a06,,2.0,2.0,,,COLLATERAL,,0.0
0x000000c6fe206955a8286d3990a960a055758e64-0x6d80113e533a2c0fe82eabd35f1875dcea89ea97-COLLATERAL-0,0x000000c6fe206955a8286d3990a960a055758e64,0x6d80113e533a2c0fe82eabd35f1875dcea89ea97,WMATIC,0x0d500b1d8e8ef31e21c99d1db9a6444d3adf1270,0xd7f97e428cbf099fe38fc34ef09b2ee18ca9828afb5f446ac13fa8d45034ef88,,1e+16,9746836873767052.0,True,,COLLATERAL,,0.0
0x000000c77ab4952aa5c43ee8047bca9ca7265b3d-0x6d80113e533a2c0fe82eabd35f1875dcea89ea97-COLLATERAL-0,0x000000c77ab4952aa5c43ee8047bca9ca7265b3d,0x6d80113e533a2c0fe82eabd35f1875dcea89ea97,WMATIC,0x0d500b1d8e8ef31e21c99d1db9a6444d3adf1270,0xf0a70bad0caee635a1ac9c92614ace0e954affc4356175de1a13dd1b4fc02196,,6.569933147242909e+18,6.185068849435996e+18,True,,COLLATERAL,,0.0
0x000000dae51b763e2d914bade89816de82e985b7-0x6d80113e533a2c0fe82eabd35f1875dcea89ea97-COLLATERAL-0,0x000000dae51b763e2d914bade89816de82e985b7,0x6d80113e533a2c0fe82eabd35f1875dcea89ea97,WMATIC,0x0d500b1d8e8ef31e21c99d1db9a6444d3adf1270,0x511718b53a9292de0473e7a5436ad2a24cc691ad9977ee51b26a72d4c27089b5,,1e+16,9746837299767772.0,True,,COLLATERAL,,0.0
0x000000df34e2422bb7744bc93ab7594d371e2d4e-0x82e64f49ed5ec1bc6e43dad4fc8af9bb3a2312ee-BORROWER-VARIABLE-0,0x000000df34e2422bb7744bc93ab7594d371e2d4e,0x82e64f49ed5ec1bc6e43dad4fc8af9bb3a2312ee,DAI,0x8f3cf7ad23cd3cadbd9735aff958023239c6a063,0xe2ace18bfc6b6ddb79e02c1306c676ed098117b667d13021fcc6204406de695f,,117429260738.0,116065909589.0,,,BORROWER,VARIABLE,0.0
0x000000e45328e10047b2b11c8c3724e915f96297-0x6d80113e533a2c0fe82eabd35f1875dcea89ea97-COLLATERAL-0,0x000000e45328e10047b2b11c8c3724e915f96297,0x6d80113e533a2c0fe82eabd35f1875dcea89ea97,WMATIC,0x0d500b1d8e8ef31e21c99d1db9a6444d3adf1270,0x44f57744c45626085584071190a7aeae9746042fa0533d7a884bc5c9c4f56d9b,,8e+18,7.695590411235977e+18,True,,COLLATERAL,,0.0
0x000000e86251c955af56b9ebc5033ffdbbd2de42-0x82e64f49ed5ec1bc6e43dad4fc8af9bb3a2312ee-COLLATERAL-0,0x000000e86251c955af56b9ebc5033ffdbbd2de42,0x82e64f49ed5ec1bc6e43dad4fc8af9bb3a2312ee,DAI,0x8f3cf7ad23cd3cadbd9735aff958023239c6a063,0xaa0edbf68efc9fa66868e53922735b35f025794b5e64ac9318e567049c32e1ea,,150545052519.0,145591464344.0,True,,COLLATERAL,,0.0
0x0000014ffa35ed6ad0d5c9c079c908716c113eb8-0x078f358208685046a11c85e8ad32895ded33a249-COLLATERAL-0,0x0000014ffa35ed6ad0d5c9c079c908716c113eb8,0x078f358208685046a11c85e8ad32895ded33a249,WBTC,0x1bfd67037b42cf73acf2047067bd4f2c47d9bfd6,0xb9dedb6d262fd471ad34cd3256383e1b699d1976910c95a3ec5e3223a2a760fa,,5000.0,4993.0,True,,COLLATERAL,,0.0
0x000001c4e699f4a1393914a87a62c4c0afa00000-0x625e7708f30ca75bfd92586e17077590c60eb4cd-COLLATERAL-0,0x000001c4e699f4a1393914a87a62c4c0afa00000,0x625e7708f30ca75bfd92586e17077590c60eb4cd,aPolUSDC,0x625e7708f30ca75bfd92586e17077590c60eb4cd,0x9b21b9d16a572ae999cb27a10687f1d18d03d7329c6621d379088e8edef6b36c,,106.0,102.0,,,COLLATERAL,,0.0
0x000001c4e699f4a1393914a87a62c4c0afa00000-0x6d80113e533a2c0fe82eabd35f1875dcea89ea97-COLLATERAL-0,0x000001c4e699f4a1393914a87a62c4c0afa00000,0x6d80113e533a2c0fe82eabd35f1875dcea89ea97,aPolWMATIC,0x6d80113e533a2c0fe82eabd35f1875dcea89ea97,0x4c6dce54abfab691b5688bd266c37c10f663208d0c362b636fd1a58b0e510b6c,,20411477807412.0,19667158282893.0,,,COLLATERAL,,0.0
0x000001c4e699f4a1393914a87a62c4c0afa00000-0xe50fa9b3c56ffb159cb0fca61f5c9d750e8128c8-COLLATERAL-0,0x000001c4e699f4a1393914a87a62c4c0afa00000,0xe50fa9b3c56ffb159cb0fca61f5c9d750e8128c8,aPolWETH,0xe50fa9b3c56ffb159cb0fca61f5c9d750e8128c8,0xbebdae1e9ec3c3e7e044504bb16bf68ff87f3153bd9a61670e099070796b5290,,40414300.0,40130681.0,,,COLLATERAL,,0.0
0x0000028989b636b15f5e164e039814ff61000000-0x6d80113e533a2c0fe82eabd35f1875dcea89ea97-COLLATERAL-0,0x0000028989b636b15f5e164e039814ff61000000,0x6d80113e533a2c0fe82eabd35f1875dcea89ea97,aPolWMATIC,0x6d80113e533a2c0fe82eabd35f1875dcea89ea97,0x5429c414a75ccf214b6b64dad8e9dc49df37b0fc2ab6e490589a405ba49f3cf9,,3010056002306.0,2890293672356.0,,,COLLATERAL,,0.0
0x0000028989b636b15f5e164e039814ff61000000-0xa4d94019934d8333ef880abffbf2fdd611c762bd-COLLATERAL-0,0x0000028989b636b15f5e164e039814ff61000000,0xa4d94019934d8333ef880abffbf2fdd611c762bd,aPolUSDCn,0xa4d94019934d8333ef880abffbf2fdd611c762bd,0xc7e91d7d8f7505384806faddd720272af26fd899914233b80043e60ea971923c,,76.0,75.0,,,COLLATERAL,,0.0
0x000002b4a2e3459331b1eb6066a8fdb39c7fdc5d-0x6d80113e533a2c0fe82eabd35f1875dcea89ea97-COLLATERAL-0,0x000002b4a2e3459331b1eb6066a8fdb39c7fdc5d,0x6d80113e533a2c0fe82eabd35f1875dcea89ea97,WMATIC,0x0d500b1d8e8ef31e21c99d1db9a6444d3adf1270,0xcfa962ffe98798999335c81472be75d8384db56cc5f3c3b2c63c3c8fbbda12e0,,3e+16,2.950302447169595e+16,True,,COLLATERAL,,0.0
0x0000040f1111c5c3d2037940658ee770bb37e0a2-0xe50fa9b3c56ffb159cb0fca61f5c9d750e8128c8-COLLATERAL-0,0x0000040f1111c5c3d2037940658ee770bb37e0a2,0xe50fa9b3c56ffb159cb0fca61f5c9d750e8128c8,WETH,0x7ceb23fd6bc0add59e62ac25578270cff1b9f619,0xc36d7e9ee64031a67da59ad64fa8469d6b102673c2ff7e2970e5644ce836577c,,63425945675979.0,63187797424995.0,True,,COLLATERAL,,0.0
0x00000624df167f053a553ac426ef2bb85b19a52b-0x6d80113e533a2c0fe82eabd35f1875dcea89ea97-COLLATERAL-0,0x00000624df167f053a553ac426ef2bb85b19a52b,0x6d80113e533a2c0fe82eabd35f1875dcea89ea97,WMATIC,0x0d500b1d8e8ef31e21c99d1db9a6444d3adf1270,0x1ccef1c408798a6f265682ca20075faad91e3f16340a2ed963c2543852db149f,,1e+17,9.77961685245377e+16,True,,COLLATERAL,,0.0
0x000006eee6e39015cb523aebdd4d0b1855aba682-0x6ab707aca953edaefbc4fd23ba73294241490620-BORROWER-VARIABLE-1,0x000006eee6e39015cb523aebdd4d0b1855aba682,0x6ab707aca953edaefbc4fd23ba73294241490620,USDT,0xc2132d05d31c914a87c6611c10748aeb04b58e8f,0x242102b9fc4120389c3378a85dacc35037cbb8a4dcfc14e414e19daafe0f0a35,,1081222999.0,0.0,,,BORROWER,VARIABLE,0.0
0x000006eee6e39015cb523aebdd4d0b1855aba682-0x80ca0d8c38d2e2bcbab66aa1648bd1c7160500fe-COLLATERAL-0,0x000006eee6e39015cb523aebdd4d0b1855aba682,0x80ca0d8c38d2e2bcbab66aa1648bd1c7160500fe,MaticX,0xfa68fb4628dff1028cfec22b4162fccd0d45efb6,0xbf8558d0d0ae19436765932c0a846f861f40dd6434cdb640374325e6a6ef72f6,,2.516538947318358e+22,2.5161520026569645e+22,True,,COLLATERAL,,0.0
0x000006eee6e39015cb523aebdd4d0b1855aba682-0xa4d94019934d8333ef880abffbf2fdd611c762bd-BORROWER-VARIABLE-0,0x000006eee6e39015cb523aebdd4d0b1855aba682,0xa4d94019934d8333ef880abffbf2fdd611c762bd,USDC,0x3c499c542cef5e3811e1192ce70d8cc03d5c3359,0xc0cc6e44c635799f8f7a1b3193c6a8f525c97252de6a957ffd5b429c66c1baa8,,1000035911.0,0.0,,,BORROWER,VARIABLE,0.0
0x000006ef732823122259094057eb37dbf71de1d4-0x6d80113e533a2c0fe82eabd35f1875dcea89ea97-COLLATERAL-0,0x000006ef732823122259094057eb37dbf71de1d4,0x6d80113e533a2c0fe82eabd35f1875dcea89ea97,WMATIC,0x0d500b1d8e8ef31e21c99d1db9a6444d3adf1270,0xdacc859cb13bebcaa657d146ce3129b9990b18a48bb5db52a0544b8dee0a7747,,1000000000000000.0,955977106686492.0,True,,COLLATERAL,,0.0
0x00000826a6ffa5b41f2bb58808004253a915ab30-0x6d80113e533a2c0fe82eabd35f1875dcea89ea97-COLLATERAL-0,0x00000826a6ffa5b41f2bb58808004253a915ab30,0x6d80113e533a2c0fe82eabd35f1875dcea89ea97,WMATIC,0x0d500b1d8e8ef31e21c99d1db9a6444d3adf1270,0x68be7c196c70af8ce9a3b1a6f4d5777c10cf442edfbc5febd8678822a21ac9de,,1000000000000.0,955990718181.0,True,,COLLATERAL,,0.0
0x0000097f919d36dda5cc745e060e3e80a5a00000-0xe50fa9b3c56ffb159cb0fca61f5c9d750e8128c8-COLLATERAL-1,0x0000097f919d36dda5cc745e060e3e80a5a00000,0xe50fa9b3c56ffb159cb0fca61f5c9d750e8128c8,aPolWETH,0xe50fa9b3c56ffb159cb0fca61f5c9d750e8128c8,0x0c308b4003fee672450145d830108b1c285dbb739ca113d5054d8ba2842caf09,,4000017118330055.0,3966106364530006.0,,,COLLATERAL,,0.0
0x00000c07575bb4e64457687a0382b4d3ea470000-0x6d80113e533a2c0fe82eabd35f1875dcea89ea97-COLLATERAL-0,0x00000c07575bb4e64457687a0382b4d3ea470000,0x6d80113e533a2c0fe82eabd35f1875dcea89ea97,aPolWMATIC,0x6d80113e533a2c0fe82eabd35f1875dcea89ea97,0x9e4881f11fff37006fcd4044d3b34bfb13882356441525a39942c8b710b10882,,6.176621865446353e+17,5.991000317504129e+17,,,COLLATERAL,,0.0
0x00000cad74214b2771b692b1065f9d0ad7b00000-0x6d80113e533a2c0fe82eabd35f1875dcea89ea97-COLLATERAL-0,0x00000cad74214b2771b692b1065f9d0ad7b00000,0x6d80113e533a2c0fe82eabd35f1875dcea89ea97,aPolWMATIC,0x6d80113e533a2c0fe82eabd35f1875dcea89ea97,0xb816f5c3ecd5904845dd4304eab019c1aa7fcd8bbc2ebcd198ca86030ce2ca05,,20876950763432.0,20080285315104.0,,,COLLATERAL,,0.0
0x00000cad74214b2771b692b1065f9d0ad7b00000-0xe50fa9b3c56ffb159cb0fca61f5c9d750e8128c8-COLLATERAL-0,0x00000cad74214b2771b692b1065f9d0ad7b00000,0xe50fa9b3c56ffb159cb0fca61f5c9d750e8128c8,aPolWETH,0xe50fa9b3c56ffb159cb0fca61f5c9d750e8128c8,0xbbc64548df3cfc973d3f2453389adb022777eccb6c78df71ba11629ef6c96404,,70976558.0,70393694.0,,,COLLATERAL,,0.0
0x00000e1f50096b0b0916d83a628d7a41031a81c9-0x625e7708f30ca75bfd92586e17077590c60eb4cd-BORROWER-VARIABLE-0,0x00000e1f50096b0b0916d83a628d7a41031a81c9,0x625e7708f30ca75bfd92586e17077590c60eb4cd,USDC,0x2791bca1f2de4661ed88a30c99a7a9449aa84174,0x0976c6cafef3c801843a2a2f589ee77c88bd5ba55401148b22d4d093a54aa242,,1000.0,983.0,,,BORROWER,VARIABLE,0.0
0x00000e1f50096b0b0916d83a628d7a41031a81c9-0x6d80113e533a2c0fe82eabd35f1875dcea89ea97-COLLATERAL-0,0x00000e1f50096b0b0916d83a628d7a41031a81c9,0x6d80113e533a2c0fe82eabd35f1875dcea89ea97,WMATIC,0x0d500b1d8e8ef31e21c99d1db9a6444d3adf1270,0xe5a7c3e162f33b9bb8b6b861fe6b74656e1bd2d6b1214697d0af3688b7806e12,,53161442.0,50290714.0,True,,COLLATERAL,,0.0
0x00000e1f50096b0b0916d83a628d7a41031a81c9-0x82e64f49ed5ec1bc6e43dad4fc8af9bb3a2312ee-BORROWER-VARIABLE-1,0x00000e1f50096b0b0916d83a628d7a41031a81c9,0x82e64f49ed5ec1bc6e43dad4fc8af9bb3a2312ee,DAI,0x8f3cf7ad23cd3cadbd9735aff958023239c6a063,0x57c27c59f902de5de71e048bed40c3d6945a206639d1f07558b1979236ab0314,,1000000000000000.0,979968002973475.0,,,BORROWER,VARIABLE,0.0
0x00000e1f50096b0b0916d83a628d7a41031a81c9-0xe50fa9b3c56ffb159cb0fca61f5c9d750e8128c8-COLLATERAL-0,0x00000e1f50096b0b0916d83a628d7a41031a81c9,0xe50fa9b3c56ffb159cb0fca61f5c9d750e8128c8,WETH,0x7ceb23fd6bc0add59e62ac25578270cff1b9f619,0x41f7ed4ddb356d78d3601d5f321a594d49bfd6eb0bbd088fb06cababc4ba2aca,,13029554619015.0,12980199359673.0,True,,COLLATERAL,,0.0
0x000010036c0190e009a000d0fc3541100a07380a-0x078f358208685046a11c85e8ad32895ded33a249-COLLATERAL-19,0x000010036c0190e009a000d0fc3541100a07380a,0x078f358208685046a11c85e8ad32895ded33a249,aPolWBTC,0x078f358208685046a11c85e8ad32895ded33a249,0x8365c8c521498faf4bc463bddc9317d72c7cf3b688f7d157730169115b1d09d4,,1.0,1.0,,,COLLATERAL,,0.0
0x000010036c0190e009a000d0fc3541100a07380a-0x6ab707aca953edaefbc4fd23ba73294241490620-COLLATERAL-25,0x000010036c0190e009a000d0fc3541100a07380a,0x6ab707aca953edaefbc4fd23ba73294241490620,aPolUSDT,0x6ab707aca953edaefbc4fd23ba73294241490620,0xcca036153c81943bddb49a7b5ffa4bb5a5e7f02c62f1e8421ff2f9dc6b25c599,,1.0,1.0,,,COLLATERAL,,0.0
0x000010036c0190e009a000d0fc3541100a07380a-0xa4d94019934d8333ef880abffbf2fdd611c762bd-COLLATERAL-110,0x000010036c0190e009a000d0fc3541100a07380a,0xa4d94019934d8333ef880abffbf2fdd611c762bd,USDC,0x3c499c542cef5e3811e1192ce70d8cc03d5c3359,0xdc4fc2b5a5c88937bbc0e0494894fed54f63a555e0b0ec8e3ca649a4df667bfc,,1.0,1.0,True,,COLLATERAL,,0.0
0x00001890971129bc0d592ee3fb0b502fa73a0000-0x82e64f49ed5ec1bc6e43dad4fc8af9bb3a2312ee-COLLATERAL-0,0x00001890971129bc0d592ee3fb0b502fa73a0000,0x82e64f49ed5ec1bc6e43dad4fc8af9bb3a2312ee,aPolDAI,0x82e64f49ed5ec1bc6e43dad4fc8af9bb3a2312ee,0xac621fa7e397e91428bbf6ae72784d02ce17688488b3a622ee581c568264484a,,4667198951053.0,4510493495033.0,,,COLLATERAL,,0.0
0x000021f2c41c55e2a37ce56a149dd3c6c1420000-0x625e7708f30ca75bfd92586e17077590c60eb4cd-COLLATERAL-0,0x000021f2c41c55e2a37ce56a149dd3c6c1420000,0x625e7708f30ca75bfd92586e17077590c60eb4cd,aPolUSDC,0x625e7708f30ca75bfd92586e17077590c60eb4cd,0x873229416d46e3cfb98621ce377e47ec152b2087fa1a71b33831e515f50bcaae,,120000193.0,114621903.0,,,COLLATERAL,,0.0
0x000021f2c41c55e2a37ce56a149dd3c6c1420000-0x6d80113e533a2c0fe82eabd35f1875dcea89ea97-COLLATERAL-0,0x000021f2c41c55e2a37ce56a149dd3c6c1420000,0x6d80113e533a2c0fe82eabd35f1875dcea89ea97,aPolWMATIC,0x6d80113e533a2c0fe82eabd35f1875dcea89ea97,0xda8630906068f74fa4b987e6305c0072ccb8313af2c162f57000a8d8f9c428a5,,2.50000001690077e+19,2.4037771774207963e+19,,,COLLATERAL,,0.0
0x000025142701bc51d60b02ac69d5beafc77a0000-0x6d80113e533a2c0fe82eabd35f1875dcea89ea97-COLLATERAL-0,0x000025142701bc51d60b02ac69d5beafc77a0000,0x6d80113e533a2c0fe82eabd35f1875dcea89ea97,aPolWMATIC,0x6d80113e533a2c0fe82eabd35f1875dcea89ea97,0xca8ec13383dfd7d5137a68c918c5f999e52f0753ceb8bd7feadfda17685e4007,,30524280710666.0,29422673374083.0,,,COLLATERAL,,0.0
0x000025a5d8137ad54adaca2cf01e377191bf4551-0x6ab707aca953edaefbc4fd23ba73294241490620-COLLATERAL-1,0x000025a5d8137ad54adaca2cf01e377191bf4551,0x6ab707aca953edaefbc4fd23ba73294241490620,USDT,0xc2132d05d31c914a87c6611c10748aeb04b58e8f,0x51ee2eb4ba714dbb10a034773c9b5437297bdb5e7e13eb836ada23089bce259a,,68722225.0,59647753.0,True,,COLLATERAL,,0.0
0x00002eb28505c1202b8d4beb9f5134f6b67b9d8f-0xa4d94019934d8333ef880abffbf2fdd611c762bd-COLLATERAL-2,0x00002eb28505c1202b8d4beb9f5134f6b67b9d8f,0xa4d94019934d8333ef880abffbf2fdd611c762bd,USDC,0x3c499c542cef5e3811e1192ce70d8cc03d5c3359,0x6883dd83bf4e17784d6c5f0c7e6d52e5a0bd560cf344b723f7542bf9036b039c,,61996633.0,55906404.0,True,,COLLATERAL,,0.0
0x00003c9c440383ef834524fbef3b37f4db850000-0x6ab707aca953edaefbc4fd23ba73294241490620-COLLATERAL-0,0x00003c9c440383ef834524fbef3b37f4db850000,0x6ab707aca953edaefbc4fd23ba73294241490620,aPolUSDT,0x6ab707aca953edaefbc4fd23ba73294241490620,0xa26aa2e0ab1820680133e7f50f22fd42a333bddca41d1872f29cf294b43de317,,109598602.0,104734890.0,,,COLLATERAL,,0.0
0x00003c9c440383ef834524fbef3b37f4db850000-0x6d80113e533a2c0fe82eabd35f1875dcea89ea97-COLLATERAL-0,0x00003c9c440383ef834524fbef3b37f4db850000,0x6d80113e533a2c0fe82eabd35f1875dcea89ea97,aPolWMATIC,0x6d80113e533a2c0fe82eabd35f1875dcea89ea97,0x9638cb0c11ae53e8a24dded53830fadfa3adcaef541a9882704ea4d6342c9ced,,2.3315748378951883e+20,2.2548830614453e+20,,,COLLATERAL,,0.0
0x00003c9c440383ef834524fbef3b37f4db850000-0xa4d94019934d8333ef880abffbf2fdd611c762bd-COLLATERAL-0,0x00003c9c440383ef834524fbef3b37f4db850000,0xa4d94019934d8333ef880abffbf2fdd611c762bd,aPolUSDCn,0xa4d94019934d8333ef880abffbf2fdd611c762bd,0x923ffeecc37d49455af583a44a26473cdbe830a90fb600356a86f9899c00bc21,,800583355.0,789956465.0,,,COLLATERAL,,0.0
0x000048d9159398861e9eac13bde2bebaa9370000-0x6d80113e533a2c0fe82eabd35f1875dcea89ea97-COLLATERAL-0,0x000048d9159398861e9eac13bde2bebaa9370000,0x6d80113e533a2c0fe82eabd35f1875dcea89ea97,aPolWMATIC,0x6d80113e533a2c0fe82eabd35f1875dcea89ea97,0xa2967b7fce51e2bf3c5c526d888f3dd651d7502afae02916235b8967203ac981,,4729528162315.0,4576603738585.0,,,COLLATERAL,,0.0
0x00005d0c9ac39db0798f6ca947202e5f55a10000-0x6d80113e533a2c0fe82eabd35f1875dcea89ea97-COLLATERAL-0,0x00005d0c9ac39db0798f6ca947202e5f55a10000,0x6d80113e533a2c0fe82eabd35f1875dcea89ea97,aPolWMATIC,0x6d80113e533a2c0fe82eabd35f1875dcea89ea97,0x0a3216ea0534b83ec84fb4d3258089456db4503c6fc43aff1394f853bffb9237,,5.717451179320394e+18,5.54825190368807e+18,,,COLLATERAL,,0.0
0x00005dfa028364628844c9cb6f2ba5e6fe4acad9-0x191c10aa4af7c30e871e70c95db0e4eb77237530-COLLATERAL-0,0x00005dfa028364628844c9cb6f2ba5e6fe4acad9,0x191c10aa4af7c30e871e70c95db0e4eb77237530,aPolLINK,0x191c10aa4af7c30e871e70c95db0e4eb77237530,0x3e1849a857df3db432cc4bf4097223716ba163e401e0442fa07e6c6bc1ae56f7,,1093741.0,1082863.0,,,COLLATERAL,,0.0
0x00005f4bbcdb050386a503764a26f9a4c1b70000-0x6ab707aca953edaefbc4fd23ba73294241490620-COLLATERAL-0,0x00005f4bbcdb050386a503764a26f9a4c1b70000,0x6ab707aca953edaefbc4fd23ba73294241490620,aPolUSDT,0x6ab707aca953edaefbc4fd23ba73294241490620,0xd6dc0ecfd446f1060a530244655997f2c56736c4090bcfef3a56cce0cf8c7e5a,,9252151.0,8829810.0,,,COLLATERAL,,0.0
0x00005f4bbcdb050386a503764a26f9a4c1b70000-0xf329e36c7bf6e5e86ce2150875a84ce77f477375-COLLATERAL-0,0x00005f4bbcdb050386a503764a26f9a4c1b70000,0xf329e36c7bf6e5e86ce2150875a84ce77f477375,aPolAAVE,0xf329e36c7bf6e5e86ce2150875a84ce77f477375,0xd093995c6ac7662ac22456355131349f230e369943c1bde50382f72fb74ccbb8,,1.567536495716427e+17,1.5668925299769258e+17,,,COLLATERAL,,0.0
0x000060800e62870dd4297454dc09fb4eadce0a79-0x625e7708f30ca75bfd92586e17077590c60eb4cd-COLLATERAL-0,0x000060800e62870dd4297454dc09fb4eadce0a79,0x625e7708f30ca75bfd92586e17077590c60eb4cd,aPolUSDC,0x625e7708f30ca75bfd92586e17077590c60eb4cd,0xf2d306b7e7c2470a8b78b26ce7f544ba963bcb84a224f32c9daf6662b70aac65,,4.0,4.0,,,COLLATERAL,,0.0
0x00006c80bbc416592af1342745eab57942780000-0x6d80113e533a2c0fe82eabd35f1875dcea89ea97-COLLATERAL-0,0x00006c80bbc416592af1342745eab57942780000,0x6d80113e533a2c0fe82eabd35f1875dcea89ea97,aPolWMATIC,0x6d80113e533a2c0fe82eabd35f1875dcea89ea97,0x7242b78e10f1dabc2e0541e80b52ecad764288eaef21bcfe69519b4477fb9494,,4.258004612093701e+17,4.103564960739995e+17,,,COLLATERAL,,0.0
0x00006c80bbc416592af1342745eab57942780000-0xe50fa9b3c56ffb159cb0fca61f5c9d750e8128c8-COLLATERAL-0,0x00006c80bbc416592af1342745eab57942780000,0xe50fa9b3c56ffb159cb0fca61f5c9d750e8128c8,aPolWETH,0xe50fa9b3c56ffb159cb0fca61f5c9d750e8128c8,0xfc13fc48c391d4d482ad66d88cd78191801dcde0d15c74b8eed7ce9f092504f5,,457583132997.0,454499104146.0,,,COLLATERAL,,0.0
0x00006deacd9ad19db3d81f8410ea2b45ea570000-0x625e7708f30ca75bfd92586e17077590c60eb4cd-COLLATERAL-0,0x00006deacd9ad19db3d81f8410ea2b45ea570000,0x625e7708f30ca75bfd92586e17077590c60eb4cd,aPolUSDC,0x625e7708f30ca75bfd92586e17077590c60eb4cd,0xa37a975e7da3235288f492cb74d82d28bad17b6c833ff850b3e3f86df486aa2c,,19.0,19.0,,,COLLATERAL,,0.0
